{
  "baseline": {
    "loss": 0.9560518860816956,
    "comp_acc": 0.605,
    "belief_r2": 0.9901198577236299
  },
  "L0H0": {
    "loss": 0.9561253190040588,
    "comp_acc": 0.6,
    "belief_r2": 0.9907170954306742
  },
  "L0H1": {
    "loss": 0.9565083384513855,
    "comp_acc": 0.6233333333333333,
    "belief_r2": 0.9907665173358624
  },
  "L0H2": {
    "loss": 0.956348717212677,
    "comp_acc": 0.6133333333333333,
    "belief_r2": 0.9910057278153324
  },
  "L0H3": {
    "loss": 0.9562270045280457,
    "comp_acc": 0.5966666666666667,
    "belief_r2": 0.9903046047820968
  },
  "L1H0": {
    "loss": 0.9564288258552551,
    "comp_acc": 0.5883333333333334,
    "belief_r2": 0.9918230605113375
  },
  "L1H1": {
    "loss": 0.9560409784317017,
    "comp_acc": 0.6133333333333333,
    "belief_r2": 0.9920166515141756
  },
  "L1H2": {
    "loss": 0.9561787247657776,
    "comp_acc": 0.6016666666666667,
    "belief_r2": 0.9914809778801781
  },
  "L1H3": {
    "loss": 0.9561798572540283,
    "comp_acc": 0.6266666666666667,
    "belief_r2": 0.99132966239958
  },
  "layer_0_all_heads": {
    "loss": 0.9894434809684753,
    "comp_acc": 0.30833333333333335,
    "belief_r2": 0.9900628779489664
  },
  "layer_1_all_heads": {
    "loss": 0.9737920165061951,
    "comp_acc": 0.4,
    "belief_r2": 0.9958764482396518
  },
  "layer_0_mlp": {
    "loss": 0.9647482633590698,
    "comp_acc": 0.4866666666666667,
    "belief_r2": 0.9916728563967296
  },
  "layer_1_mlp": {
    "loss": 0.9626661539077759,
    "comp_acc": 0.595,
    "belief_r2": 0.9832416226590225
  }
}