{
  "baseline": {
    "loss": 0.9348410367965698,
    "comp_acc": 0.6316666666666667,
    "belief_r2": 0.9827136893352039
  },
  "L0H0": {
    "loss": 0.9528021812438965,
    "comp_acc": 0.6483333333333333,
    "belief_r2": 0.9846754580783802
  },
  "L0H1": {
    "loss": 0.9461612701416016,
    "comp_acc": 0.6433333333333333,
    "belief_r2": 0.9844696708523116
  },
  "L0H2": {
    "loss": 0.9498107433319092,
    "comp_acc": 0.6483333333333333,
    "belief_r2": 0.9825364427852271
  },
  "L0H3": {
    "loss": 0.9528408646583557,
    "comp_acc": 0.6533333333333333,
    "belief_r2": 0.9884144651730455
  },
  "L1H0": {
    "loss": 0.9559169411659241,
    "comp_acc": 0.63,
    "belief_r2": 0.9830236505207253
  },
  "L1H1": {
    "loss": 0.962489902973175,
    "comp_acc": 0.6466666666666666,
    "belief_r2": 0.9837501439906675
  },
  "L1H2": {
    "loss": 0.942703902721405,
    "comp_acc": 0.655,
    "belief_r2": 0.9842990534597127
  },
  "L1H3": {
    "loss": 0.9821568727493286,
    "comp_acc": 0.6533333333333333,
    "belief_r2": 0.9854452326853468
  },
  "layer_0_all_heads": {
    "loss": 1.0480118989944458,
    "comp_acc": 0.5333333333333333,
    "belief_r2": 0.9938867016284152
  },
  "layer_1_all_heads": {
    "loss": 1.3083590269088745,
    "comp_acc": 0.5366666666666666,
    "belief_r2": 0.9899979218007098
  },
  "layer_0_mlp": {
    "loss": 0.9718399047851562,
    "comp_acc": 0.6916666666666667,
    "belief_r2": 0.9861562099505383
  },
  "layer_1_mlp": {
    "loss": 0.9805629253387451,
    "comp_acc": 0.6416666666666667,
    "belief_r2": 0.9860640332371894
  }
}