{
  "baseline": {
    "loss": 1.0140076875686646,
    "comp_acc": 0.6783333333333333,
    "belief_r2": 0.9782026253348867
  },
  "L0H0": {
    "loss": 1.018298864364624,
    "comp_acc": 0.6966666666666667,
    "belief_r2": 0.9790008787934021
  },
  "L0H1": {
    "loss": 1.0262993574142456,
    "comp_acc": 0.6733333333333333,
    "belief_r2": 0.9773563631665583
  },
  "L0H2": {
    "loss": 1.03682279586792,
    "comp_acc": 0.6333333333333333,
    "belief_r2": 0.9735058294609024
  },
  "L0H3": {
    "loss": 1.0225434303283691,
    "comp_acc": 0.6866666666666666,
    "belief_r2": 0.9791776130039747
  },
  "L1H0": {
    "loss": 1.0369936227798462,
    "comp_acc": 0.665,
    "belief_r2": 0.9802127590778473
  },
  "L1H1": {
    "loss": 1.019713282585144,
    "comp_acc": 0.7,
    "belief_r2": 0.9814301629103911
  },
  "L1H2": {
    "loss": 1.0236371755599976,
    "comp_acc": 0.6883333333333334,
    "belief_r2": 0.9773710490606229
  },
  "L1H3": {
    "loss": 1.0207918882369995,
    "comp_acc": 0.6916666666666667,
    "belief_r2": 0.9793662500741155
  },
  "L2H0": {
    "loss": 1.0208373069763184,
    "comp_acc": 0.68,
    "belief_r2": 0.978588292917065
  },
  "L2H1": {
    "loss": 1.0216141939163208,
    "comp_acc": 0.6783333333333333,
    "belief_r2": 0.9788480608187011
  },
  "L2H2": {
    "loss": 1.0253283977508545,
    "comp_acc": 0.6716666666666666,
    "belief_r2": 0.9789159092400846
  },
  "L2H3": {
    "loss": 1.0383055210113525,
    "comp_acc": 0.6833333333333333,
    "belief_r2": 0.9784385073094776
  },
  "layer_0_all_heads": {
    "loss": 1.071478009223938,
    "comp_acc": 0.545,
    "belief_r2": 0.9891313565326091
  },
  "layer_1_all_heads": {
    "loss": 1.135262370109558,
    "comp_acc": 0.6516666666666666,
    "belief_r2": 0.9847673980821836
  },
  "layer_2_all_heads": {
    "loss": 1.1626253128051758,
    "comp_acc": 0.67,
    "belief_r2": 0.979193738784544
  },
  "layer_0_mlp": {
    "loss": 1.0419479608535767,
    "comp_acc": 0.6616666666666666,
    "belief_r2": 0.9712116369486817
  },
  "layer_1_mlp": {
    "loss": 1.0290950536727905,
    "comp_acc": 0.6783333333333333,
    "belief_r2": 0.9775209318249405
  },
  "layer_2_mlp": {
    "loss": 1.0754988193511963,
    "comp_acc": 0.6966666666666667,
    "belief_r2": 0.9783524279645709
  }
}