{
  "1": {
    "baseline": {
      "loss": 0.9467557072639465,
      "comp_acc": 0.6066666666666667,
      "belief_r2": 0.9923256188123949
    },
    "L0H0": {
      "loss": 0.9480382800102234,
      "comp_acc": 0.6066666666666667,
      "belief_r2": 0.9923902137354994
    },
    "L0H1": {
      "loss": 0.9492394924163818,
      "comp_acc": 0.61,
      "belief_r2": 0.9928185344967834
    },
    "L0H2": {
      "loss": 0.9501278400421143,
      "comp_acc": 0.6183333333333333,
      "belief_r2": 0.9926821811357176
    },
    "L0H3": {
      "loss": 0.947643518447876,
      "comp_acc": 0.5983333333333334,
      "belief_r2": 0.9928116290875786
    },
    "L1H0": {
      "loss": 0.9488440752029419,
      "comp_acc": 0.6133333333333333,
      "belief_r2": 0.9924397760104926
    },
    "L1H1": {
      "loss": 0.9464887380599976,
      "comp_acc": 0.6083333333333333,
      "belief_r2": 0.9921527091354274
    },
    "L1H2": {
      "loss": 0.9460561871528625,
      "comp_acc": 0.62,
      "belief_r2": 0.992994926578337
    },
    "L1H3": {
      "loss": 0.9496084451675415,
      "comp_acc": 0.5983333333333334,
      "belief_r2": 0.992930523096143
    },
    "layer_0_all_heads": {
      "loss": 1.0225608348846436,
      "comp_acc": 0.485,
      "belief_r2": 0.9935143755809362
    },
    "layer_1_all_heads": {
      "loss": 1.0966087579727173,
      "comp_acc": 0.5766666666666667,
      "belief_r2": 0.9937594691786318
    },
    "layer_0_mlp": {
      "loss": 0.9602498412132263,
      "comp_acc": 0.6166666666666667,
      "belief_r2": 0.99252915589969
    },
    "layer_1_mlp": {
      "loss": 0.9488054513931274,
      "comp_acc": 0.6016666666666667,
      "belief_r2": 0.9926280598879378
    }
  },
  "3": {
    "baseline": {
      "loss": 0.9383397698402405,
      "comp_acc": 0.67,
      "belief_r2": 0.980158918180908
    },
    "L0H0": {
      "loss": 0.9398698210716248,
      "comp_acc": 0.6633333333333333,
      "belief_r2": 0.9822096107807006
    },
    "L0H1": {
      "loss": 0.9476146697998047,
      "comp_acc": 0.6333333333333333,
      "belief_r2": 0.9813059540977379
    },
    "L0H2": {
      "loss": 0.9463052153587341,
      "comp_acc": 0.655,
      "belief_r2": 0.9819168298304343
    },
    "L0H3": {
      "loss": 0.9407176971435547,
      "comp_acc": 0.6533333333333333,
      "belief_r2": 0.9811566780460506
    },
    "L1H0": {
      "loss": 0.9448733329772949,
      "comp_acc": 0.66,
      "belief_r2": 0.9847803027489831
    },
    "L1H1": {
      "loss": 0.9423620700836182,
      "comp_acc": 0.6716666666666666,
      "belief_r2": 0.981397071406509
    },
    "L1H2": {
      "loss": 0.9414992332458496,
      "comp_acc": 0.6683333333333333,
      "belief_r2": 0.9835113795106875
    },
    "L1H3": {
      "loss": 0.9451891779899597,
      "comp_acc": 0.655,
      "belief_r2": 0.9859313012622402
    },
    "layer_0_all_heads": {
      "loss": 1.044157862663269,
      "comp_acc": 0.49,
      "belief_r2": 0.993535739602246
    },
    "layer_1_all_heads": {
      "loss": 1.1300206184387207,
      "comp_acc": 0.5833333333333334,
      "belief_r2": 0.9929898604015588
    },
    "layer_0_mlp": {
      "loss": 0.9526152014732361,
      "comp_acc": 0.66,
      "belief_r2": 0.9905998939423938
    },
    "layer_1_mlp": {
      "loss": 0.9467232823371887,
      "comp_acc": 0.6833333333333333,
      "belief_r2": 0.978731059676274
    }
  },
  "7": {
    "baseline": {
      "loss": 0.9352205991744995,
      "comp_acc": 0.6883333333333334,
      "belief_r2": 0.9790188319146499
    },
    "L0H0": {
      "loss": 0.9372056126594543,
      "comp_acc": 0.6766666666666666,
      "belief_r2": 0.9799698941236213
    },
    "L0H1": {
      "loss": 0.9401581883430481,
      "comp_acc": 0.6433333333333333,
      "belief_r2": 0.9815822301319046
    },
    "L0H2": {
      "loss": 0.9444751739501953,
      "comp_acc": 0.6833333333333333,
      "belief_r2": 0.9822962312503374
    },
    "L0H3": {
      "loss": 0.9366487860679626,
      "comp_acc": 0.685,
      "belief_r2": 0.9799030679782873
    },
    "L1H0": {
      "loss": 0.9392532706260681,
      "comp_acc": 0.6816666666666666,
      "belief_r2": 0.9833030568672667
    },
    "L1H1": {
      "loss": 0.9371589422225952,
      "comp_acc": 0.6866666666666666,
      "belief_r2": 0.9820930184572478
    },
    "L1H2": {
      "loss": 0.939979612827301,
      "comp_acc": 0.6816666666666666,
      "belief_r2": 0.9824195672106159
    },
    "L1H3": {
      "loss": 0.9404572248458862,
      "comp_acc": 0.685,
      "belief_r2": 0.9828462672376619
    },
    "layer_0_all_heads": {
      "loss": 0.98482745885849,
      "comp_acc": 0.48,
      "belief_r2": 0.9926978616611454
    },
    "layer_1_all_heads": {
      "loss": 1.0559641122817993,
      "comp_acc": 0.5666666666666667,
      "belief_r2": 0.992482677925479
    },
    "layer_0_mlp": {
      "loss": 0.9508882761001587,
      "comp_acc": 0.6883333333333334,
      "belief_r2": 0.9867892482672721
    },
    "layer_1_mlp": {
      "loss": 0.9485478401184082,
      "comp_acc": 0.6916666666666667,
      "belief_r2": 0.9756358912775684
    }
  },
  "15": {
    "baseline": {
      "loss": 0.9302076101303101,
      "comp_acc": 0.7216666666666667,
      "belief_r2": 0.9864274817487299
    },
    "L0H0": {
      "loss": 0.9307882785797119,
      "comp_acc": 0.715,
      "belief_r2": 0.9862035967510975
    },
    "L0H1": {
      "loss": 0.9321768879890442,
      "comp_acc": 0.7233333333333334,
      "belief_r2": 0.9879325402858
    },
    "L0H2": {
      "loss": 0.9327328205108643,
      "comp_acc": 0.6983333333333334,
      "belief_r2": 0.986512073500075
    },
    "L0H3": {
      "loss": 0.931593656539917,
      "comp_acc": 0.705,
      "belief_r2": 0.9873372832772807
    },
    "L1H0": {
      "loss": 0.9331499338150024,
      "comp_acc": 0.7166666666666667,
      "belief_r2": 0.9901071532200927
    },
    "L1H1": {
      "loss": 0.9324020147323608,
      "comp_acc": 0.7116666666666667,
      "belief_r2": 0.9863118844878386
    },
    "L1H2": {
      "loss": 0.9321574568748474,
      "comp_acc": 0.7033333333333334,
      "belief_r2": 0.9886559287318881
    },
    "L1H3": {
      "loss": 0.93306964635849,
      "comp_acc": 0.7133333333333334,
      "belief_r2": 0.9890569244882239
    },
    "layer_0_all_heads": {
      "loss": 0.9702796936035156,
      "comp_acc": 0.47333333333333333,
      "belief_r2": 0.9925797801927534
    },
    "layer_1_all_heads": {
      "loss": 0.9893593788146973,
      "comp_acc": 0.55,
      "belief_r2": 0.9946416384859889
    },
    "layer_0_mlp": {
      "loss": 0.9493093490600586,
      "comp_acc": 0.7033333333333334,
      "belief_r2": 0.9855381000082882
    },
    "layer_1_mlp": {
      "loss": 0.9494102597236633,
      "comp_acc": 0.7116666666666667,
      "belief_r2": 0.9846565817397251
    }
  },
  "30": {
    "baseline": {
      "loss": 0.9278743267059326,
      "comp_acc": 0.735,
      "belief_r2": 0.9904269025984606
    },
    "L0H0": {
      "loss": 0.9274305701255798,
      "comp_acc": 0.7433333333333333,
      "belief_r2": 0.9914230768402346
    },
    "L0H1": {
      "loss": 0.9278987050056458,
      "comp_acc": 0.7566666666666667,
      "belief_r2": 0.9926522500757066
    },
    "L0H2": {
      "loss": 0.9287098050117493,
      "comp_acc": 0.7533333333333333,
      "belief_r2": 0.9904959895915891
    },
    "L0H3": {
      "loss": 0.9274735450744629,
      "comp_acc": 0.7383333333333333,
      "belief_r2": 0.9907335890308027
    },
    "L1H0": {
      "loss": 0.9286544919013977,
      "comp_acc": 0.7383333333333333,
      "belief_r2": 0.9923920431209028
    },
    "L1H1": {
      "loss": 0.928320050239563,
      "comp_acc": 0.7366666666666667,
      "belief_r2": 0.9917654689385265
    },
    "L1H2": {
      "loss": 0.9279288053512573,
      "comp_acc": 0.7433333333333333,
      "belief_r2": 0.9922510143434631
    },
    "L1H3": {
      "loss": 0.9283567070960999,
      "comp_acc": 0.73,
      "belief_r2": 0.9923636463430656
    },