{
  "baseline": {
    "loss": 0.9261412620544434,
    "comp_acc": 0.7683333333333333,
    "belief_r2": 0.9901209289968964
  },
  "L0H0": {
    "loss": 0.9274250268936157,
    "comp_acc": 0.77,
    "belief_r2": 0.9903883500837005
  },
  "L0H1": {
    "loss": 0.9268696308135986,
    "comp_acc": 0.77,
    "belief_r2": 0.9910803101268504
  },
  "L0H2": {
    "loss": 0.9266903400421143,
    "comp_acc": 0.7716666666666666,
    "belief_r2": 0.9906642621392167
  },
  "L0H3": {
    "loss": 0.9271619915962219,
    "comp_acc": 0.775,
    "belief_r2": 0.9902755643639357
  },
  "L1H0": {
    "loss": 0.9268252849578857,
    "comp_acc": 0.775,
    "belief_r2": 0.992434100333295
  },
  "L1H1": {
    "loss": 0.926286518573761,
    "comp_acc": 0.765,
    "belief_r2": 0.9912686128838211
  },
  "L1H2": {
    "loss": 0.9265891313552856,
    "comp_acc": 0.7733333333333333,
    "belief_r2": 0.9915462861821971
  },
  "L1H3": {
    "loss": 0.9269514679908752,
    "comp_acc": 0.7566666666666667,
    "belief_r2": 0.9918903402732506
  },
  "layer_0_all_heads": {
    "loss": 0.9794189929962158,
    "comp_acc": 0.545,
    "belief_r2": 0.9917071492600634
  },
  "layer_1_all_heads": {
    "loss": 0.951296865940094,
    "comp_acc": 0.5566666666666666,
    "belief_r2": 0.995856407125657
  },
  "layer_0_mlp": {
    "loss": 0.9567501544952393,
    "comp_acc": 0.6833333333333333,
    "belief_r2": 0.9888989127993097
  },
  "layer_1_mlp": {
    "loss": 0.9386717677116394,
    "comp_acc": 0.77,
    "belief_r2": 0.9835719966115534
  }
}